index,name,type,trainable
0,input_layer,InputLayer,True
1,conv1_pad,ZeroPadding2D,True
2,conv1_conv,Conv2D,True
3,conv1_bn,BatchNormalization,True
4,conv1_relu,Activation,True
5,pool1_pad,ZeroPadding2D,True
6,pool1_pool,MaxPooling2D,True
7,conv2_block1_1_conv,Conv2D,True
8,conv2_block1_1_bn,BatchNormalization,True
9,conv2_block1_1_relu,Activation,True
10,conv2_block1_2_conv,Conv2D,True
11,conv2_block1_2_bn,BatchNormalization,True
12,conv2_block1_2_relu,Activation,True
13,conv2_block1_0_conv,Conv2D,True
14,conv2_block1_3_conv,Conv2D,True
15,conv2_block1_0_bn,BatchNormalization,True
16,conv2_block1_3_bn,BatchNormalization,True
17,conv2_block1_add,Add,True
18,conv2_block1_out,Activation,True
19,conv2_block2_1_conv,Conv2D,True
20,conv2_block2_1_bn,BatchNormalization,True
21,conv2_block2_1_relu,Activation,True
22,conv2_block2_2_conv,Conv2D,True
23,conv2_block2_2_bn,BatchNormalization,True
24,conv2_block2_2_relu,Activation,True
25,conv2_block2_3_conv,Conv2D,True
26,conv2_block2_3_bn,BatchNormalization,True
27,conv2_block2_add,Add,True
28,conv2_block2_out,Activation,True
29,conv2_block3_1_conv,Conv2D,True
30,conv2_block3_1_bn,BatchNormalization,True
31,conv2_block3_1_relu,Activation,True
32,conv2_block3_2_conv,Conv2D,True
33,conv2_block3_2_bn,BatchNormalization,True
34,conv2_block3_2_relu,Activation,True
35,conv2_block3_3_conv,Conv2D,True
36,conv2_block3_3_bn,BatchNormalization,True
37,conv2_block3_add,Add,True
38,conv2_block3_out,Activation,True
39,conv3_block1_1_conv,Conv2D,True
40,conv3_block1_1_bn,BatchNormalization,True
41,conv3_block1_1_relu,Activation,True
42,conv3_block1_2_conv,Conv2D,True
43,conv3_block1_2_bn,BatchNormalization,True
44,conv3_block1_2_relu,Activation,True
45,conv3_block1_0_conv,Conv2D,True
46,conv3_block1_3_conv,Conv2D,True
47,conv3_block1_0_bn,BatchNormalization,True
48,conv3_block1_3_bn,BatchNormalization,True
49,conv3_block1_add,Add,True
50,conv3_block1_out,Activation,True
51,conv3_block2_1_conv,Conv2D,True
52,conv3_block2_1_bn,BatchNormalization,True
53,conv3_block2_1_relu,Activation,True
54,conv3_block2_2_conv,Conv2D,True
55,conv3_block2_2_bn,BatchNormalization,True
56,conv3_block2_2_relu,Activation,True
57,conv3_block2_3_conv,Conv2D,True
58,conv3_block2_3_bn,BatchNormalization,True
59,conv3_block2_add,Add,True
60,conv3_block2_out,Activation,True
61,conv3_block3_1_conv,Conv2D,True
62,conv3_block3_1_bn,BatchNormalization,True
63,conv3_block3_1_relu,Activation,True
64,conv3_block3_2_conv,Conv2D,True
65,conv3_block3_2_bn,BatchNormalization,True
66,conv3_block3_2_relu,Activation,True
67,conv3_block3_3_conv,Conv2D,True
68,conv3_block3_3_bn,BatchNormalization,True
69,conv3_block3_add,Add,True
70,conv3_block3_out,Activation,True
71,conv3_block4_1_conv,Conv2D,True
72,conv3_block4_1_bn,BatchNormalization,True
73,conv3_block4_1_relu,Activation,True
74,conv3_block4_2_conv,Conv2D,True
75,conv3_block4_2_bn,BatchNormalization,True
76,conv3_block4_2_relu,Activation,True
77,conv3_block4_3_conv,Conv2D,True
78,conv3_block4_3_bn,BatchNormalization,True
79,conv3_block4_add,Add,True
80,conv3_block4_out,Activation,True
81,conv4_block1_1_conv,Conv2D,True
82,conv4_block1_1_bn,BatchNormalization,True
83,conv4_block1_1_relu,Activation,True
84,conv4_block1_2_conv,Conv2D,True
85,conv4_block1_2_bn,BatchNormalization,True
86,conv4_block1_2_relu,Activation,True
87,conv4_block1_0_conv,Conv2D,True
88,conv4_block1_3_conv,Conv2D,True
89,conv4_block1_0_bn,BatchNormalization,True
90,conv4_block1_3_bn,BatchNormalization,True
91,conv4_block1_add,Add,True
92,conv4_block1_out,Activation,True
93,conv4_block2_1_conv,Conv2D,True
94,conv4_block2_1_bn,BatchNormalization,True
95,conv4_block2_1_relu,Activation,True
96,conv4_block2_2_conv,Conv2D,True
97,conv4_block2_2_bn,BatchNormalization,True
98,conv4_block2_2_relu,Activation,True
99,conv4_block2_3_conv,Conv2D,True
100,conv4_block2_3_bn,BatchNormalization,True
101,conv4_block2_add,Add,True
102,conv4_block2_out,Activation,True
103,conv4_block3_1_conv,Conv2D,True
104,conv4_block3_1_bn,BatchNormalization,True
105,conv4_block3_1_relu,Activation,True
106,conv4_block3_2_conv,Conv2D,True
107,conv4_block3_2_bn,BatchNormalization,True
108,conv4_block3_2_relu,Activation,True
109,conv4_block3_3_conv,Conv2D,True
110,conv4_block3_3_bn,BatchNormalization,True
111,conv4_block3_add,Add,True
112,conv4_block3_out,Activation,True
113,conv4_block4_1_conv,Conv2D,True
114,conv4_block4_1_bn,BatchNormalization,True
115,conv4_block4_1_relu,Activation,True
116,conv4_block4_2_conv,Conv2D,True
117,conv4_block4_2_bn,BatchNormalization,True
118,conv4_block4_2_relu,Activation,True
119,conv4_block4_3_conv,Conv2D,True
120,conv4_block4_3_bn,BatchNormalization,True
121,conv4_block4_add,Add,True
122,conv4_block4_out,Activation,True
123,conv4_block5_1_conv,Conv2D,True
124,conv4_block5_1_bn,BatchNormalization,True
125,conv4_block5_1_relu,Activation,True
126,conv4_block5_2_conv,Conv2D,True
127,conv4_block5_2_bn,BatchNormalization,True
128,conv4_block5_2_relu,Activation,True
129,conv4_block5_3_conv,Conv2D,True
130,conv4_block5_3_bn,BatchNormalization,True
131,conv4_block5_add,Add,True
132,conv4_block5_out,Activation,True
133,conv4_block6_1_conv,Conv2D,True
134,conv4_block6_1_bn,BatchNormalization,True
135,conv4_block6_1_relu,Activation,True
136,conv4_block6_2_conv,Conv2D,True
137,conv4_block6_2_bn,BatchNormalization,True
138,conv4_block6_2_relu,Activation,True
139,conv4_block6_3_conv,Conv2D,True
140,conv4_block6_3_bn,BatchNormalization,True
141,conv4_block6_add,Add,True
142,conv4_block6_out,Activation,True
143,conv5_block1_1_conv,Conv2D,True
144,conv5_block1_1_bn,BatchNormalization,True
145,conv5_block1_1_relu,Activation,True
146,conv5_block1_2_conv,Conv2D,True
147,conv5_block1_2_bn,BatchNormalization,True
148,conv5_block1_2_relu,Activation,True
149,conv5_block1_0_conv,Conv2D,True
150,conv5_block1_3_conv,Conv2D,True
151,conv5_block1_0_bn,BatchNormalization,True
152,conv5_block1_3_bn,BatchNormalization,True
153,conv5_block1_add,Add,True
154,conv5_block1_out,Activation,True
155,conv5_block2_1_conv,Conv2D,True
156,conv5_block2_1_bn,BatchNormalization,True
157,conv5_block2_1_relu,Activation,True
158,conv5_block2_2_conv,Conv2D,True
159,conv5_block2_2_bn,BatchNormalization,True
160,conv5_block2_2_relu,Activation,True
161,conv5_block2_3_conv,Conv2D,True
162,conv5_block2_3_bn,BatchNormalization,True
163,conv5_block2_add,Add,True
164,conv5_block2_out,Activation,True
165,conv5_block3_1_conv,Conv2D,True
166,conv5_block3_1_bn,BatchNormalization,True
167,conv5_block3_1_relu,Activation,True
168,conv5_block3_2_conv,Conv2D,True
169,conv5_block3_2_bn,BatchNormalization,True
170,conv5_block3_2_relu,Activation,True
171,conv5_block3_3_conv,Conv2D,True
172,conv5_block3_3_bn,BatchNormalization,True
173,conv5_block3_add,Add,True
174,conv5_block3_out,Activation,True
